﻿<parameters>
  <parameter name="IIS Web Application Name" defaultValue="agroalim" tags="IisApp">
    <parameterEntry kind="ProviderPath" scope="IisApp" match="^D:\\Projects\\Agroalim\\backend\\obj\\Release\\Package\\PackageTmp$" />
    <parameterEntry kind="ProviderPath" scope="setAcl" match="^D:\\Projects\\Agroalim\\backend\\obj\\Release\\Package\\PackageTmp$" />
  </parameter>
  <parameter name="bdEntities-Web.config Connection String" description="bdEntities Cadena de conexión que usa la aplicación en web.config para obtener acceso a la base de datos." defaultValue="metadata=res://*/Models.dbModel.csdl|res://*/Models.dbModel.ssdl|res://*/Models.dbModel.msl;provider=System.Data.SqlClient;provider connection string=&quot;data source=DESKTOP-93M4OJ7;initial catalog=agroalim_qa;user id=sa;password=raul1234;MultipleActiveResultSets=True;App=EntityFramework&quot;" tags="SqlConnectionString">
    <parameterEntry kind="XmlFile" scope="D:\\Projects\\Agroalim\\backend\\obj\\Release\\Package\\PackageTmp\\Web\.config$" match="/configuration/connectionStrings/add[@name='bdEntities']/@connectionString" />
  </parameter>
  <parameter name="prdEntities-Web.config Connection String" description="prdEntities Cadena de conexión que usa la aplicación en web.config para obtener acceso a la base de datos." defaultValue="metadata=res://*/Models.ModelPrd.csdl|res://*/Models.ModelPrd.ssdl|res://*/Models.ModelPrd.msl;provider=System.Data.SqlClient;provider connection string=&quot;data source=sql8001.site4now.net;initial catalog=db_a8ddc5_agroalim;persist security info=True;user id=db_a8ddc5_agroalim_admin;password=raul1234;MultipleActiveResultSets=True;App=EntityFramework&quot;" tags="SqlConnectionString">
    <parameterEntry kind="XmlFile" scope="D:\\Projects\\Agroalim\\backend\\obj\\Release\\Package\\PackageTmp\\Web\.config$" match="/configuration/connectionStrings/add[@name='prdEntities']/@connectionString" />
  </parameter>
</parameters>